{"cameraMode":{"drawMode":0,"name":"Shaded","section":"Shading Mode"},"sceneLighting":true,"audioPlay":false,"sceneViewState":{"showFog":true,"showMaterialUpdate":false,"showSkybox":true,"showFlares":true,"showImageEffects":true,"showParticleSystems":true},"in2DMode":false,"pivot":{"x":22.318294525146486,"y":-4.162014007568359,"z":-26.094350814819337},"rotation":{"x":-0.11796364188194275,"y":0.8362162709236145,"z":-0.1982744038105011,"w":-0.49750807881355288},"size":51.462181091308597,"orthographic":false}